[
    {
      "_id": "623853b2614ad5aba311fdd1",
      "index": 0,
      "price": 14,
      "picture": "https://i.pinimg.com/originals/9f/3d/13/9f3d13912d3cf78e4c87975bcebc1fee.jpg",
      "name": "Just Chill",
      "gender": "Just Chill"
    },
    {
      "_id": "623853b2578e9e6ad1ae0dd5",
      "index": 1,
      "picture": "https://render.fineartamerica.com/images/rendered/default/t-shirt/23/30/images/artworkimages/medium/1/coffee-coding-syntax-aadil-farooq-transparent.png?targetx=0&targety=0&imagewidth=430&imageheight=516&modelwidth=430&modelheight=575",
      "name": "Keep Coding",
      "price": 27,
      "gender": "Keep Coding"
    },
    {
      "_id": "623853b21fb149d2ee7b76c7",
      "index": 2,
      "picture": "https://images.unsplash.com/photo-1583743814966-8936f5b7be1a?ixlib=rb-1.2.1&ixid=MnwxMjA3fDB8MHxzZWFyY2h8NXx8dCUyMHNoaXJ0fGVufDB8fDB8fA%3D%3D&auto=format&fit=crop&w=500&q=60",
      "name": "Black",
      "price": 24,
      "gender": ""
    },
    {
      "_id": "623853b2e91c8de578c9245e",
      "index": 3,
      "picture": "https://5.imimg.com/data5/SH/GC/MY-8764775/mens-t-shirt-500x500.jpg",
      "name": "Mix Yellow",
      "price": 14,
      "gender": "Mix Yellow"
    },
    {
      "_id": "623853b2239582e48409ccc6",
      "index": 4,
      "price": 34,
      "picture": "https://www.billbazar.com.bd/public/uploads/all/8hgD0lQGODVXbB5sokhvwr7mUNjBx7pEHusuyGZj.webp",
      "name": "Bachelor",
      "gender": "male"
    },
    {
      "_id": "623853b2cdda0d5bc294f791",
      "index": 5,
      "picture": "https://m.media-amazon.com/images/I/61GMJ+3ekAS._AC_UL320_.jpg",
      "name": "Right Price",
      "price": 141,
      "gender": "male"
    },
    {
      "_id": "623853b2736f19fd4eb8d44a",
      "index": 6,
      "price": 41,
      "picture": "https://i.pinimg.com/236x/af/96/95/af9695e0116a1d859336024e6cdcea10.jpg",
      "name": "Black Skull",
      "gender": "female"
    }
  ]